date_id,full_date,year,quarter,month,month_name,week,day_of_week,day_name,is_weekend,is_month_end,fiscal_quarter
20220101,2022-01-01,2022,1,1,January,52,6,Saturday,1,0,Q4
20220102,2022-01-02,2022,1,1,January,52,7,Sunday,1,0,Q4
20220103,2022-01-03,2022,1,1,January,1,1,Monday,0,0,Q4
20220104,2022-01-04,2022,1,1,January,1,2,Tuesday,0,0,Q4
20220105,2022-01-05,2022,1,1,January,1,3,Wednesday,0,0,Q4
20220106,2022-01-06,2022,1,1,January,1,4,Thursday,0,0,Q4
20220107,2022-01-07,2022,1,1,January,1,5,Friday,0,0,Q4
20220108,2022-01-08,2022,1,1,January,1,6,Saturday,1,0,Q4
20220109,2022-01-09,2022,1,1,January,1,7,Sunday,1,0,Q4
20220110,2022-01-10,2022,1,1,January,2,1,Monday,0,0,Q4
20220111,2022-01-11,2022,1,1,January,2,2,Tuesday,0,0,Q4
20220112,2022-01-12,2022,1,1,January,2,3,Wednesday,0,0,Q4
20220113,2022-01-13,2022,1,1,January,2,4,Thursday,0,0,Q4
20220114,2022-01-14,2022,1,1,January,2,5,Friday,0,0,Q4
20220115,2022-01-15,2022,1,1,January,2,6,Saturday,1,0,Q4
20220116,2022-01-16,2022,1,1,January,2,7,Sunday,1,0,Q4
20220117,2022-01-17,2022,1,1,January,3,1,Monday,0,0,Q4
20220118,2022-01-18,2022,1,1,January,3,2,Tuesday,0,0,Q4
20220119,2022-01-19,2022,1,1,January,3,3,Wednesday,0,0,Q4
20220120,2022-01-20,2022,1,1,January,3,4,Thursday,0,0,Q4
20220121,2022-01-21,2022,1,1,January,3,5,Friday,0,0,Q4
20220122,2022-01-22,2022,1,1,January,3,6,Saturday,1,0,Q4
20220123,2022-01-23,2022,1,1,January,3,7,Sunday,1,0,Q4
20220124,2022-01-24,2022,1,1,January,4,1,Monday,0,0,Q4
20220125,2022-01-25,2022,1,1,January,4,2,Tuesday,0,0,Q4
20220126,2022-01-26,2022,1,1,January,4,3,Wednesday,0,0,Q4
20220127,2022-01-27,2022,1,1,January,4,4,Thursday,0,0,Q4
20220128,2022-01-28,2022,1,1,January,4,5,Friday,0,0,Q4
20220129,2022-01-29,2022,1,1,January,4,6,Saturday,1,0,Q4
20220130,2022-01-30,2022,1,1,January,4,7,Sunday,1,0,Q4
20220131,2022-01-31,2022,1,1,January,5,1,Monday,0,1,Q4
20220201,2022-02-01,2022,1,2,February,5,2,Tuesday,0,0,Q4
20220202,2022-02-02,2022,1,2,February,5,3,Wednesday,0,0,Q4
20220203,2022-02-03,2022,1,2,February,5,4,Thursday,0,0,Q4
20220204,2022-02-04,2022,1,2,February,5,5,Friday,0,0,Q4
20220205,2022-02-05,2022,1,2,February,5,6,Saturday,1,0,Q4
20220206,2022-02-06,2022,1,2,February,5,7,Sunday,1,0,Q4
20220207,2022-02-07,2022,1,2,February,6,1,Monday,0,0,Q4
20220208,2022-02-08,2022,1,2,February,6,2,Tuesday,0,0,Q4
20220209,2022-02-09,2022,1,2,February,6,3,Wednesday,0,0,Q4
20220210,2022-02-10,2022,1,2,February,6,4,Thursday,0,0,Q4
20220211,2022-02-11,2022,1,2,February,6,5,Friday,0,0,Q4
20220212,2022-02-12,2022,1,2,February,6,6,Saturday,1,0,Q4
20220213,2022-02-13,2022,1,2,February,6,7,Sunday,1,0,Q4
20220214,2022-02-14,2022,1,2,February,7,1,Monday,0,0,Q4
20220215,2022-02-15,2022,1,2,February,7,2,Tuesday,0,0,Q4
20220216,2022-02-16,2022,1,2,February,7,3,Wednesday,0,0,Q4
20220217,2022-02-17,2022,1,2,February,7,4,Thursday,0,0,Q4
20220218,2022-02-18,2022,1,2,February,7,5,Friday,0,0,Q4
20220219,2022-02-19,2022,1,2,February,7,6,Saturday,1,0,Q4
20220220,2022-02-20,2022,1,2,February,7,7,Sunday,1,0,Q4
20220221,2022-02-21,2022,1,2,February,8,1,Monday,0,0,Q4
20220222,2022-02-22,2022,1,2,February,8,2,Tuesday,0,0,Q4
20220223,2022-02-23,2022,1,2,February,8,3,Wednesday,0,0,Q4
20220224,2022-02-24,2022,1,2,February,8,4,Thursday,0,0,Q4
20220225,2022-02-25,2022,1,2,February,8,5,Friday,0,0,Q4
20220226,2022-02-26,2022,1,2,February,8,6,Saturday,1,0,Q4
20220227,2022-02-27,2022,1,2,February,8,7,Sunday,1,0,Q4
20220228,2022-02-28,2022,1,2,February,9,1,Monday,0,1,Q4
20220301,2022-03-01,2022,1,3,March,9,2,Tuesday,0,0,Q4
20220302,2022-03-02,2022,1,3,March,9,3,Wednesday,0,0,Q4
20220303,2022-03-03,2022,1,3,March,9,4,Thursday,0,0,Q4
20220304,2022-03-04,2022,1,3,March,9,5,Friday,0,0,Q4
20220305,2022-03-05,2022,1,3,March,9,6,Saturday,1,0,Q4
20220306,2022-03-06,2022,1,3,March,9,7,Sunday,1,0,Q4
20220307,2022-03-07,2022,1,3,March,10,1,Monday,0,0,Q4
20220308,2022-03-08,2022,1,3,March,10,2,Tuesday,0,0,Q4
20220309,2022-03-09,2022,1,3,March,10,3,Wednesday,0,0,Q4
20220310,2022-03-10,2022,1,3,March,10,4,Thursday,0,0,Q4
20220311,2022-03-11,2022,1,3,March,10,5,Friday,0,0,Q4
20220312,2022-03-12,2022,1,3,March,10,6,Saturday,1,0,Q4
20220313,2022-03-13,2022,1,3,March,10,7,Sunday,1,0,Q4
20220314,2022-03-14,2022,1,3,March,11,1,Monday,0,0,Q4
20220315,2022-03-15,2022,1,3,March,11,2,Tuesday,0,0,Q4
20220316,2022-03-16,2022,1,3,March,11,3,Wednesday,0,0,Q4
20220317,2022-03-17,2022,1,3,March,11,4,Thursday,0,0,Q4
20220318,2022-03-18,2022,1,3,March,11,5,Friday,0,0,Q4
20220319,2022-03-19,2022,1,3,March,11,6,Saturday,1,0,Q4
20220320,2022-03-20,2022,1,3,March,11,7,Sunday,1,0,Q4
20220321,2022-03-21,2022,1,3,March,12,1,Monday,0,0,Q4
20220322,2022-03-22,2022,1,3,March,12,2,Tuesday,0,0,Q4
20220323,2022-03-23,2022,1,3,March,12,3,Wednesday,0,0,Q4
20220324,2022-03-24,2022,1,3,March,12,4,Thursday,0,0,Q4
20220325,2022-03-25,2022,1,3,March,12,5,Friday,0,0,Q4
20220326,2022-03-26,2022,1,3,March,12,6,Saturday,1,0,Q4
20220327,2022-03-27,2022,1,3,March,12,7,Sunday,1,0,Q4
20220328,2022-03-28,2022,1,3,March,13,1,Monday,0,0,Q4
20220329,2022-03-29,2022,1,3,March,13,2,Tuesday,0,0,Q4
20220330,2022-03-30,2022,1,3,March,13,3,Wednesday,0,0,Q4
20220331,2022-03-31,2022,1,3,March,13,4,Thursday,0,1,Q4
20220401,2022-04-01,2022,2,4,April,13,5,Friday,0,0,Q1
20220402,2022-04-02,2022,2,4,April,13,6,Saturday,1,0,Q1
20220403,2022-04-03,2022,2,4,April,13,7,Sunday,1,0,Q1
20220404,2022-04-04,2022,2,4,April,14,1,Monday,0,0,Q1
20220405,2022-04-05,2022,2,4,April,14,2,Tuesday,0,0,Q1
20220406,2022-04-06,2022,2,4,April,14,3,Wednesday,0,0,Q1
20220407,2022-04-07,2022,2,4,April,14,4,Thursday,0,0,Q1
20220408,2022-04-08,2022,2,4,April,14,5,Friday,0,0,Q1
20220409,2022-04-09,2022,2,4,April,14,6,Saturday,1,0,Q1
20220410,2022-04-10,2022,2,4,April,14,7,Sunday,1,0,Q1
20220411,2022-04-11,2022,2,4,April,15,1,Monday,0,0,Q1
20220412,2022-04-12,2022,2,4,April,15,2,Tuesday,0,0,Q1
20220413,2022-04-13,2022,2,4,April,15,3,Wednesday,0,0,Q1
20220414,2022-04-14,2022,2,4,April,15,4,Thursday,0,0,Q1
20220415,2022-04-15,2022,2,4,April,15,5,Friday,0,0,Q1
20220416,2022-04-16,2022,2,4,April,15,6,Saturday,1,0,Q1
20220417,2022-04-17,2022,2,4,April,15,7,Sunday,1,0,Q1
20220418,2022-04-18,2022,2,4,April,16,1,Monday,0,0,Q1
20220419,2022-04-19,2022,2,4,April,16,2,Tuesday,0,0,Q1
20220420,2022-04-20,2022,2,4,April,16,3,Wednesday,0,0,Q1
20220421,2022-04-21,2022,2,4,April,16,4,Thursday,0,0,Q1
20220422,2022-04-22,2022,2,4,April,16,5,Friday,0,0,Q1
20220423,2022-04-23,2022,2,4,April,16,6,Saturday,1,0,Q1
20220424,2022-04-24,2022,2,4,April,16,7,Sunday,1,0,Q1
20220425,2022-04-25,2022,2,4,April,17,1,Monday,0,0,Q1
20220426,2022-04-26,2022,2,4,April,17,2,Tuesday,0,0,Q1
20220427,2022-04-27,2022,2,4,April,17,3,Wednesday,0,0,Q1
20220428,2022-04-28,2022,2,4,April,17,4,Thursday,0,0,Q1
20220429,2022-04-29,2022,2,4,April,17,5,Friday,0,0,Q1
20220430,2022-04-30,2022,2,4,April,17,6,Saturday,1,1,Q1
20220501,2022-05-01,2022,2,5,May,17,7,Sunday,1,0,Q1
20220502,2022-05-02,2022,2,5,May,18,1,Monday,0,0,Q1
20220503,2022-05-03,2022,2,5,May,18,2,Tuesday,0,0,Q1
20220504,2022-05-04,2022,2,5,May,18,3,Wednesday,0,0,Q1
20220505,2022-05-05,2022,2,5,May,18,4,Thursday,0,0,Q1
20220506,2022-05-06,2022,2,5,May,18,5,Friday,0,0,Q1
20220507,2022-05-07,2022,2,5,May,18,6,Saturday,1,0,Q1
20220508,2022-05-08,2022,2,5,May,18,7,Sunday,1,0,Q1
20220509,2022-05-09,2022,2,5,May,19,1,Monday,0,0,Q1
20220510,2022-05-10,2022,2,5,May,19,2,Tuesday,0,0,Q1
20220511,2022-05-11,2022,2,5,May,19,3,Wednesday,0,0,Q1
20220512,2022-05-12,2022,2,5,May,19,4,Thursday,0,0,Q1
20220513,2022-05-13,2022,2,5,May,19,5,Friday,0,0,Q1
20220514,2022-05-14,2022,2,5,May,19,6,Saturday,1,0,Q1
20220515,2022-05-15,2022,2,5,May,19,7,Sunday,1,0,Q1
20220516,2022-05-16,2022,2,5,May,20,1,Monday,0,0,Q1
20220517,2022-05-17,2022,2,5,May,20,2,Tuesday,0,0,Q1
20220518,2022-05-18,2022,2,5,May,20,3,Wednesday,0,0,Q1
20220519,2022-05-19,2022,2,5,May,20,4,Thursday,0,0,Q1
20220520,2022-05-20,2022,2,5,May,20,5,Friday,0,0,Q1
20220521,2022-05-21,2022,2,5,May,20,6,Saturday,1,0,Q1
20220522,2022-05-22,2022,2,5,May,20,7,Sunday,1,0,Q1
20220523,2022-05-23,2022,2,5,May,21,1,Monday,0,0,Q1
20220524,2022-05-24,2022,2,5,May,21,2,Tuesday,0,0,Q1
20220525,2022-05-25,2022,2,5,May,21,3,Wednesday,0,0,Q1
20220526,2022-05-26,2022,2,5,May,21,4,Thursday,0,0,Q1
20220527,2022-05-27,2022,2,5,May,21,5,Friday,0,0,Q1
20220528,2022-05-28,2022,2,5,May,21,6,Saturday,1,0,Q1
20220529,2022-05-29,2022,2,5,May,21,7,Sunday,1,0,Q1
20220530,2022-05-30,2022,2,5,May,22,1,Monday,0,0,Q1
20220531,2022-05-31,2022,2,5,May,22,2,Tuesday,0,1,Q1
20220601,2022-06-01,2022,2,6,June,22,3,Wednesday,0,0,Q1
20220602,2022-06-02,2022,2,6,June,22,4,Thursday,0,0,Q1
20220603,2022-06-03,2022,2,6,June,22,5,Friday,0,0,Q1
20220604,2022-06-04,2022,2,6,June,22,6,Saturday,1,0,Q1
20220605,2022-06-05,2022,2,6,June,22,7,Sunday,1,0,Q1
20220606,2022-06-06,2022,2,6,June,23,1,Monday,0,0,Q1
20220607,2022-06-07,2022,2,6,June,23,2,Tuesday,0,0,Q1
20220608,2022-06-08,2022,2,6,June,23,3,Wednesday,0,0,Q1
20220609,2022-06-09,2022,2,6,June,23,4,Thursday,0,0,Q1
20220610,2022-06-10,2022,2,6,June,23,5,Friday,0,0,Q1
20220611,2022-06-11,2022,2,6,June,23,6,Saturday,1,0,Q1
20220612,2022-06-12,2022,2,6,June,23,7,Sunday,1,0,Q1
20220613,2022-06-13,2022,2,6,June,24,1,Monday,0,0,Q1
20220614,2022-06-14,2022,2,6,June,24,2,Tuesday,0,0,Q1
20220615,2022-06-15,2022,2,6,June,24,3,Wednesday,0,0,Q1
20220616,2022-06-16,2022,2,6,June,24,4,Thursday,0,0,Q1
20220617,2022-06-17,2022,2,6,June,24,5,Friday,0,0,Q1
20220618,2022-06-18,2022,2,6,June,24,6,Saturday,1,0,Q1
20220619,2022-06-19,2022,2,6,June,24,7,Sunday,1,0,Q1
20220620,2022-06-20,2022,2,6,June,25,1,Monday,0,0,Q1
20220621,2022-06-21,2022,2,6,June,25,2,Tuesday,0,0,Q1
20220622,2022-06-22,2022,2,6,June,25,3,Wednesday,0,0,Q1
20220623,2022-06-23,2022,2,6,June,25,4,Thursday,0,0,Q1
20220624,2022-06-24,2022,2,6,June,25,5,Friday,0,0,Q1
20220625,2022-06-25,2022,2,6,June,25,6,Saturday,1,0,Q1
20220626,2022-06-26,2022,2,6,June,25,7,Sunday,1,0,Q1
20220627,2022-06-27,2022,2,6,June,26,1,Monday,0,0,Q1
20220628,2022-06-28,2022,2,6,June,26,2,Tuesday,0,0,Q1
20220629,2022-06-29,2022,2,6,June,26,3,Wednesday,0,0,Q1
20220630,2022-06-30,2022,2,6,June,26,4,Thursday,0,1,Q1
20220701,2022-07-01,2022,3,7,July,26,5,Friday,0,0,Q2
20220702,2022-07-02,2022,3,7,July,26,6,Saturday,1,0,Q2
20220703,2022-07-03,2022,3,7,July,26,7,Sunday,1,0,Q2
20220704,2022-07-04,2022,3,7,July,27,1,Monday,0,0,Q2
20220705,2022-07-05,2022,3,7,July,27,2,Tuesday,0,0,Q2
20220706,2022-07-06,2022,3,7,July,27,3,Wednesday,0,0,Q2
20220707,2022-07-07,2022,3,7,July,27,4,Thursday,0,0,Q2
20220708,2022-07-08,2022,3,7,July,27,5,Friday,0,0,Q2
20220709,2022-07-09,2022,3,7,July,27,6,Saturday,1,0,Q2
20220710,2022-07-10,2022,3,7,July,27,7,Sunday,1,0,Q2
20220711,2022-07-11,2022,3,7,July,28,1,Monday,0,0,Q2
20220712,2022-07-12,2022,3,7,July,28,2,Tuesday,0,0,Q2
20220713,2022-07-13,2022,3,7,July,28,3,Wednesday,0,0,Q2
20220714,2022-07-14,2022,3,7,July,28,4,Thursday,0,0,Q2
20220715,2022-07-15,2022,3,7,July,28,5,Friday,0,0,Q2
20220716,2022-07-16,2022,3,7,July,28,6,Saturday,1,0,Q2
20220717,2022-07-17,2022,3,7,July,28,7,Sunday,1,0,Q2
20220718,2022-07-18,2022,3,7,July,29,1,Monday,0,0,Q2
20220719,2022-07-19,2022,3,7,July,29,2,Tuesday,0,0,Q2
20220720,2022-07-20,2022,3,7,July,29,3,Wednesday,0,0,Q2
20220721,2022-07-21,2022,3,7,July,29,4,Thursday,0,0,Q2
20220722,2022-07-22,2022,3,7,July,29,5,Friday,0,0,Q2
20220723,2022-07-23,2022,3,7,July,29,6,Saturday,1,0,Q2
20220724,2022-07-24,2022,3,7,July,29,7,Sunday,1,0,Q2
20220725,2022-07-25,2022,3,7,July,30,1,Monday,0,0,Q2
20220726,2022-07-26,2022,3,7,July,30,2,Tuesday,0,0,Q2
20220727,2022-07-27,2022,3,7,July,30,3,Wednesday,0,0,Q2
20220728,2022-07-28,2022,3,7,July,30,4,Thursday,0,0,Q2
20220729,2022-07-29,2022,3,7,July,30,5,Friday,0,0,Q2
20220730,2022-07-30,2022,3,7,July,30,6,Saturday,1,0,Q2
20220731,2022-07-31,2022,3,7,July,30,7,Sunday,1,1,Q2
20220801,2022-08-01,2022,3,8,August,31,1,Monday,0,0,Q2
20220802,2022-08-02,2022,3,8,August,31,2,Tuesday,0,0,Q2
20220803,2022-08-03,2022,3,8,August,31,3,Wednesday,0,0,Q2
20220804,2022-08-04,2022,3,8,August,31,4,Thursday,0,0,Q2
20220805,2022-08-05,2022,3,8,August,31,5,Friday,0,0,Q2
20220806,2022-08-06,2022,3,8,August,31,6,Saturday,1,0,Q2
20220807,2022-08-07,2022,3,8,August,31,7,Sunday,1,0,Q2
20220808,2022-08-08,2022,3,8,August,32,1,Monday,0,0,Q2
20220809,2022-08-09,2022,3,8,August,32,2,Tuesday,0,0,Q2
20220810,2022-08-10,2022,3,8,August,32,3,Wednesday,0,0,Q2
20220811,2022-08-11,2022,3,8,August,32,4,Thursday,0,0,Q2
20220812,2022-08-12,2022,3,8,August,32,5,Friday,0,0,Q2
20220813,2022-08-13,2022,3,8,August,32,6,Saturday,1,0,Q2
20220814,2022-08-14,2022,3,8,August,32,7,Sunday,1,0,Q2
20220815,2022-08-15,2022,3,8,August,33,1,Monday,0,0,Q2
20220816,2022-08-16,2022,3,8,August,33,2,Tuesday,0,0,Q2
20220817,2022-08-17,2022,3,8,August,33,3,Wednesday,0,0,Q2
20220818,2022-08-18,2022,3,8,August,33,4,Thursday,0,0,Q2
20220819,2022-08-19,2022,3,8,August,33,5,Friday,0,0,Q2
20220820,2022-08-20,2022,3,8,August,33,6,Saturday,1,0,Q2
20220821,2022-08-21,2022,3,8,August,33,7,Sunday,1,0,Q2
20220822,2022-08-22,2022,3,8,August,34,1,Monday,0,0,Q2
20220823,2022-08-23,2022,3,8,August,34,2,Tuesday,0,0,Q2
20220824,2022-08-24,2022,3,8,August,34,3,Wednesday,0,0,Q2
20220825,2022-08-25,2022,3,8,August,34,4,Thursday,0,0,Q2
20220826,2022-08-26,2022,3,8,August,34,5,Friday,0,0,Q2
20220827,2022-08-27,2022,3,8,August,34,6,Saturday,1,0,Q2
20220828,2022-08-28,2022,3,8,August,34,7,Sunday,1,0,Q2
20220829,2022-08-29,2022,3,8,August,35,1,Monday,0,0,Q2
20220830,2022-08-30,2022,3,8,August,35,2,Tuesday,0,0,Q2
20220831,2022-08-31,2022,3,8,August,35,3,Wednesday,0,1,Q2
20220901,2022-09-01,2022,3,9,September,35,4,Thursday,0,0,Q2
20220902,2022-09-02,2022,3,9,September,35,5,Friday,0,0,Q2
20220903,2022-09-03,2022,3,9,September,35,6,Saturday,1,0,Q2
20220904,2022-09-04,2022,3,9,September,35,7,Sunday,1,0,Q2
20220905,2022-09-05,2022,3,9,September,36,1,Monday,0,0,Q2
20220906,2022-09-06,2022,3,9,September,36,2,Tuesday,0,0,Q2
20220907,2022-09-07,2022,3,9,September,36,3,Wednesday,0,0,Q2
20220908,2022-09-08,2022,3,9,September,36,4,Thursday,0,0,Q2
20220909,2022-09-09,2022,3,9,September,36,5,Friday,0,0,Q2
20220910,2022-09-10,2022,3,9,September,36,6,Saturday,1,0,Q2
20220911,2022-09-11,2022,3,9,September,36,7,Sunday,1,0,Q2
20220912,2022-09-12,2022,3,9,September,37,1,Monday,0,0,Q2
20220913,2022-09-13,2022,3,9,September,37,2,Tuesday,0,0,Q2
20220914,2022-09-14,2022,3,9,September,37,3,Wednesday,0,0,Q2
20220915,2022-09-15,2022,3,9,September,37,4,Thursday,0,0,Q2
20220916,2022-09-16,2022,3,9,September,37,5,Friday,0,0,Q2
20220917,2022-09-17,2022,3,9,September,37,6,Saturday,1,0,Q2
20220918,2022-09-18,2022,3,9,September,37,7,Sunday,1,0,Q2
20220919,2022-09-19,2022,3,9,September,38,1,Monday,0,0,Q2
20220920,2022-09-20,2022,3,9,September,38,2,Tuesday,0,0,Q2
20220921,2022-09-21,2022,3,9,September,38,3,Wednesday,0,0,Q2
20220922,2022-09-22,2022,3,9,September,38,4,Thursday,0,0,Q2
20220923,2022-09-23,2022,3,9,September,38,5,Friday,0,0,Q2
20220924,2022-09-24,2022,3,9,September,38,6,Saturday,1,0,Q2
20220925,2022-09-25,2022,3,9,September,38,7,Sunday,1,0,Q2
20220926,2022-09-26,2022,3,9,September,39,1,Monday,0,0,Q2
20220927,2022-09-27,2022,3,9,September,39,2,Tuesday,0,0,Q2
20220928,2022-09-28,2022,3,9,September,39,3,Wednesday,0,0,Q2
20220929,2022-09-29,2022,3,9,September,39,4,Thursday,0,0,Q2
20220930,2022-09-30,2022,3,9,September,39,5,Friday,0,1,Q2
20221001,2022-10-01,2022,4,10,October,39,6,Saturday,1,0,Q3
20221002,2022-10-02,2022,4,10,October,39,7,Sunday,1,0,Q3
20221003,2022-10-03,2022,4,10,October,40,1,Monday,0,0,Q3
20221004,2022-10-04,2022,4,10,October,40,2,Tuesday,0,0,Q3
20221005,2022-10-05,2022,4,10,October,40,3,Wednesday,0,0,Q3
20221006,2022-10-06,2022,4,10,October,40,4,Thursday,0,0,Q3
20221007,2022-10-07,2022,4,10,October,40,5,Friday,0,0,Q3
20221008,2022-10-08,2022,4,10,October,40,6,Saturday,1,0,Q3
20221009,2022-10-09,2022,4,10,October,40,7,Sunday,1,0,Q3
20221010,2022-10-10,2022,4,10,October,41,1,Monday,0,0,Q3
20221011,2022-10-11,2022,4,10,October,41,2,Tuesday,0,0,Q3
20221012,2022-10-12,2022,4,10,October,41,3,Wednesday,0,0,Q3
20221013,2022-10-13,2022,4,10,October,41,4,Thursday,0,0,Q3
20221014,2022-10-14,2022,4,10,October,41,5,Friday,0,0,Q3
20221015,2022-10-15,2022,4,10,October,41,6,Saturday,1,0,Q3
20221016,2022-10-16,2022,4,10,October,41,7,Sunday,1,0,Q3
20221017,2022-10-17,2022,4,10,October,42,1,Monday,0,0,Q3
20221018,2022-10-18,2022,4,10,October,42,2,Tuesday,0,0,Q3
20221019,2022-10-19,2022,4,10,October,42,3,Wednesday,0,0,Q3
20221020,2022-10-20,2022,4,10,October,42,4,Thursday,0,0,Q3
20221021,2022-10-21,2022,4,10,October,42,5,Friday,0,0,Q3
20221022,2022-10-22,2022,4,10,October,42,6,Saturday,1,0,Q3
20221023,2022-10-23,2022,4,10,October,42,7,Sunday,1,0,Q3
20221024,2022-10-24,2022,4,10,October,43,1,Monday,0,0,Q3
20221025,2022-10-25,2022,4,10,October,43,2,Tuesday,0,0,Q3
20221026,2022-10-26,2022,4,10,October,43,3,Wednesday,0,0,Q3
20221027,2022-10-27,2022,4,10,October,43,4,Thursday,0,0,Q3
20221028,2022-10-28,2022,4,10,October,43,5,Friday,0,0,Q3
20221029,2022-10-29,2022,4,10,October,43,6,Saturday,1,0,Q3
20221030,2022-10-30,2022,4,10,October,43,7,Sunday,1,0,Q3
20221031,2022-10-31,2022,4,10,October,44,1,Monday,0,1,Q3
20221101,2022-11-01,2022,4,11,November,44,2,Tuesday,0,0,Q3
20221102,2022-11-02,2022,4,11,November,44,3,Wednesday,0,0,Q3
20221103,2022-11-03,2022,4,11,November,44,4,Thursday,0,0,Q3
20221104,2022-11-04,2022,4,11,November,44,5,Friday,0,0,Q3
20221105,2022-11-05,2022,4,11,November,44,6,Saturday,1,0,Q3
20221106,2022-11-06,2022,4,11,November,44,7,Sunday,1,0,Q3
20221107,2022-11-07,2022,4,11,November,45,1,Monday,0,0,Q3
20221108,2022-11-08,2022,4,11,November,45,2,Tuesday,0,0,Q3
20221109,2022-11-09,2022,4,11,November,45,3,Wednesday,0,0,Q3
20221110,2022-11-10,2022,4,11,November,45,4,Thursday,0,0,Q3
20221111,2022-11-11,2022,4,11,November,45,5,Friday,0,0,Q3
20221112,2022-11-12,2022,4,11,November,45,6,Saturday,1,0,Q3
20221113,2022-11-13,2022,4,11,November,45,7,Sunday,1,0,Q3
20221114,2022-11-14,2022,4,11,November,46,1,Monday,0,0,Q3
20221115,2022-11-15,2022,4,11,November,46,2,Tuesday,0,0,Q3
20221116,2022-11-16,2022,4,11,November,46,3,Wednesday,0,0,Q3
20221117,2022-11-17,2022,4,11,November,46,4,Thursday,0,0,Q3
20221118,2022-11-18,2022,4,11,November,46,5,Friday,0,0,Q3
20221119,2022-11-19,2022,4,11,November,46,6,Saturday,1,0,Q3
20221120,2022-11-20,2022,4,11,November,46,7,Sunday,1,0,Q3
20221121,2022-11-21,2022,4,11,November,47,1,Monday,0,0,Q3
20221122,2022-11-22,2022,4,11,November,47,2,Tuesday,0,0,Q3
20221123,2022-11-23,2022,4,11,November,47,3,Wednesday,0,0,Q3
20221124,2022-11-24,2022,4,11,November,47,4,Thursday,0,0,Q3
20221125,2022-11-25,2022,4,11,November,47,5,Friday,0,0,Q3
20221126,2022-11-26,2022,4,11,November,47,6,Saturday,1,0,Q3
20221127,2022-11-27,2022,4,11,November,47,7,Sunday,1,0,Q3
20221128,2022-11-28,2022,4,11,November,48,1,Monday,0,0,Q3
20221129,2022-11-29,2022,4,11,November,48,2,Tuesday,0,0,Q3
20221130,2022-11-30,2022,4,11,November,48,3,Wednesday,0,1,Q3
20221201,2022-12-01,2022,4,12,December,48,4,Thursday,0,0,Q3
20221202,2022-12-02,2022,4,12,December,48,5,Friday,0,0,Q3
20221203,2022-12-03,2022,4,12,December,48,6,Saturday,1,0,Q3
20221204,2022-12-04,2022,4,12,December,48,7,Sunday,1,0,Q3
20221205,2022-12-05,2022,4,12,December,49,1,Monday,0,0,Q3
20221206,2022-12-06,2022,4,12,December,49,2,Tuesday,0,0,Q3
20221207,2022-12-07,2022,4,12,December,49,3,Wednesday,0,0,Q3
20221208,2022-12-08,2022,4,12,December,49,4,Thursday,0,0,Q3
20221209,2022-12-09,2022,4,12,December,49,5,Friday,0,0,Q3
20221210,2022-12-10,2022,4,12,December,49,6,Saturday,1,0,Q3
20221211,2022-12-11,2022,4,12,December,49,7,Sunday,1,0,Q3
20221212,2022-12-12,2022,4,12,December,50,1,Monday,0,0,Q3
20221213,2022-12-13,2022,4,12,December,50,2,Tuesday,0,0,Q3
20221214,2022-12-14,2022,4,12,December,50,3,Wednesday,0,0,Q3
20221215,2022-12-15,2022,4,12,December,50,4,Thursday,0,0,Q3
20221216,2022-12-16,2022,4,12,December,50,5,Friday,0,0,Q3
20221217,2022-12-17,2022,4,12,December,50,6,Saturday,1,0,Q3
20221218,2022-12-18,2022,4,12,December,50,7,Sunday,1,0,Q3
20221219,2022-12-19,2022,4,12,December,51,1,Monday,0,0,Q3
20221220,2022-12-20,2022,4,12,December,51,2,Tuesday,0,0,Q3
20221221,2022-12-21,2022,4,12,December,51,3,Wednesday,0,0,Q3
20221222,2022-12-22,2022,4,12,December,51,4,Thursday,0,0,Q3
20221223,2022-12-23,2022,4,12,December,51,5,Friday,0,0,Q3
20221224,2022-12-24,2022,4,12,December,51,6,Saturday,1,0,Q3
20221225,2022-12-25,2022,4,12,December,51,7,Sunday,1,0,Q3
20221226,2022-12-26,2022,4,12,December,52,1,Monday,0,0,Q3
20221227,2022-12-27,2022,4,12,December,52,2,Tuesday,0,0,Q3
20221228,2022-12-28,2022,4,12,December,52,3,Wednesday,0,0,Q3
20221229,2022-12-29,2022,4,12,December,52,4,Thursday,0,0,Q3
20221230,2022-12-30,2022,4,12,December,52,5,Friday,0,0,Q3
20221231,2022-12-31,2022,4,12,December,52,6,Saturday,1,1,Q3
20230101,2023-01-01,2023,1,1,January,52,7,Sunday,1,0,Q4
20230102,2023-01-02,2023,1,1,January,1,1,Monday,0,0,Q4
20230103,2023-01-03,2023,1,1,January,1,2,Tuesday,0,0,Q4
20230104,2023-01-04,2023,1,1,January,1,3,Wednesday,0,0,Q4
20230105,2023-01-05,2023,1,1,January,1,4,Thursday,0,0,Q4
20230106,2023-01-06,2023,1,1,January,1,5,Friday,0,0,Q4
20230107,2023-01-07,2023,1,1,January,1,6,Saturday,1,0,Q4
20230108,2023-01-08,2023,1,1,January,1,7,Sunday,1,0,Q4
20230109,2023-01-09,2023,1,1,January,2,1,Monday,0,0,Q4
20230110,2023-01-10,2023,1,1,January,2,2,Tuesday,0,0,Q4
20230111,2023-01-11,2023,1,1,January,2,3,Wednesday,0,0,Q4
20230112,2023-01-12,2023,1,1,January,2,4,Thursday,0,0,Q4
20230113,2023-01-13,2023,1,1,January,2,5,Friday,0,0,Q4
20230114,2023-01-14,2023,1,1,January,2,6,Saturday,1,0,Q4
20230115,2023-01-15,2023,1,1,January,2,7,Sunday,1,0,Q4
20230116,2023-01-16,2023,1,1,January,3,1,Monday,0,0,Q4
20230117,2023-01-17,2023,1,1,January,3,2,Tuesday,0,0,Q4
20230118,2023-01-18,2023,1,1,January,3,3,Wednesday,0,0,Q4
20230119,2023-01-19,2023,1,1,January,3,4,Thursday,0,0,Q4
20230120,2023-01-20,2023,1,1,January,3,5,Friday,0,0,Q4
20230121,2023-01-21,2023,1,1,January,3,6,Saturday,1,0,Q4
20230122,2023-01-22,2023,1,1,January,3,7,Sunday,1,0,Q4
20230123,2023-01-23,2023,1,1,January,4,1,Monday,0,0,Q4
20230124,2023-01-24,2023,1,1,January,4,2,Tuesday,0,0,Q4
20230125,2023-01-25,2023,1,1,January,4,3,Wednesday,0,0,Q4
20230126,2023-01-26,2023,1,1,January,4,4,Thursday,0,0,Q4
20230127,2023-01-27,2023,1,1,January,4,5,Friday,0,0,Q4
20230128,2023-01-28,2023,1,1,January,4,6,Saturday,1,0,Q4
20230129,2023-01-29,2023,1,1,January,4,7,Sunday,1,0,Q4
20230130,2023-01-30,2023,1,1,January,5,1,Monday,0,0,Q4
20230131,2023-01-31,2023,1,1,January,5,2,Tuesday,0,1,Q4
20230201,2023-02-01,2023,1,2,February,5,3,Wednesday,0,0,Q4
20230202,2023-02-02,2023,1,2,February,5,4,Thursday,0,0,Q4
20230203,2023-02-03,2023,1,2,February,5,5,Friday,0,0,Q4
20230204,2023-02-04,2023,1,2,February,5,6,Saturday,1,0,Q4
20230205,2023-02-05,2023,1,2,February,5,7,Sunday,1,0,Q4
20230206,2023-02-06,2023,1,2,February,6,1,Monday,0,0,Q4
20230207,2023-02-07,2023,1,2,February,6,2,Tuesday,0,0,Q4
20230208,2023-02-08,2023,1,2,February,6,3,Wednesday,0,0,Q4
20230209,2023-02-09,2023,1,2,February,6,4,Thursday,0,0,Q4
20230210,2023-02-10,2023,1,2,February,6,5,Friday,0,0,Q4
20230211,2023-02-11,2023,1,2,February,6,6,Saturday,1,0,Q4
20230212,2023-02-12,2023,1,2,February,6,7,Sunday,1,0,Q4
20230213,2023-02-13,2023,1,2,February,7,1,Monday,0,0,Q4
20230214,2023-02-14,2023,1,2,February,7,2,Tuesday,0,0,Q4
20230215,2023-02-15,2023,1,2,February,7,3,Wednesday,0,0,Q4
20230216,2023-02-16,2023,1,2,February,7,4,Thursday,0,0,Q4
20230217,2023-02-17,2023,1,2,February,7,5,Friday,0,0,Q4
20230218,2023-02-18,2023,1,2,February,7,6,Saturday,1,0,Q4
20230219,2023-02-19,2023,1,2,February,7,7,Sunday,1,0,Q4
20230220,2023-02-20,2023,1,2,February,8,1,Monday,0,0,Q4
20230221,2023-02-21,2023,1,2,February,8,2,Tuesday,0,0,Q4
20230222,2023-02-22,2023,1,2,February,8,3,Wednesday,0,0,Q4
20230223,2023-02-23,2023,1,2,February,8,4,Thursday,0,0,Q4
20230224,2023-02-24,2023,1,2,February,8,5,Friday,0,0,Q4
20230225,2023-02-25,2023,1,2,February,8,6,Saturday,1,0,Q4
20230226,2023-02-26,2023,1,2,February,8,7,Sunday,1,0,Q4
20230227,2023-02-27,2023,1,2,February,9,1,Monday,0,0,Q4
20230228,2023-02-28,2023,1,2,February,9,2,Tuesday,0,1,Q4
20230301,2023-03-01,2023,1,3,March,9,3,Wednesday,0,0,Q4
20230302,2023-03-02,2023,1,3,March,9,4,Thursday,0,0,Q4
20230303,2023-03-03,2023,1,3,March,9,5,Friday,0,0,Q4
20230304,2023-03-04,2023,1,3,March,9,6,Saturday,1,0,Q4
20230305,2023-03-05,2023,1,3,March,9,7,Sunday,1,0,Q4
20230306,2023-03-06,2023,1,3,March,10,1,Monday,0,0,Q4
20230307,2023-03-07,2023,1,3,March,10,2,Tuesday,0,0,Q4
20230308,2023-03-08,2023,1,3,March,10,3,Wednesday,0,0,Q4
20230309,2023-03-09,2023,1,3,March,10,4,Thursday,0,0,Q4
20230310,2023-03-10,2023,1,3,March,10,5,Friday,0,0,Q4
20230311,2023-03-11,2023,1,3,March,10,6,Saturday,1,0,Q4
20230312,2023-03-12,2023,1,3,March,10,7,Sunday,1,0,Q4
20230313,2023-03-13,2023,1,3,March,11,1,Monday,0,0,Q4
20230314,2023-03-14,2023,1,3,March,11,2,Tuesday,0,0,Q4
20230315,2023-03-15,2023,1,3,March,11,3,Wednesday,0,0,Q4
20230316,2023-03-16,2023,1,3,March,11,4,Thursday,0,0,Q4
20230317,2023-03-17,2023,1,3,March,11,5,Friday,0,0,Q4
20230318,2023-03-18,2023,1,3,March,11,6,Saturday,1,0,Q4
20230319,2023-03-19,2023,1,3,March,11,7,Sunday,1,0,Q4
20230320,2023-03-20,2023,1,3,March,12,1,Monday,0,0,Q4
20230321,2023-03-21,2023,1,3,March,12,2,Tuesday,0,0,Q4
20230322,2023-03-22,2023,1,3,March,12,3,Wednesday,0,0,Q4
20230323,2023-03-23,2023,1,3,March,12,4,Thursday,0,0,Q4
20230324,2023-03-24,2023,1,3,March,12,5,Friday,0,0,Q4
20230325,2023-03-25,2023,1,3,March,12,6,Saturday,1,0,Q4
20230326,2023-03-26,2023,1,3,March,12,7,Sunday,1,0,Q4
20230327,2023-03-27,2023,1,3,March,13,1,Monday,0,0,Q4
20230328,2023-03-28,2023,1,3,March,13,2,Tuesday,0,0,Q4
20230329,2023-03-29,2023,1,3,March,13,3,Wednesday,0,0,Q4
20230330,2023-03-30,2023,1,3,March,13,4,Thursday,0,0,Q4
20230331,2023-03-31,2023,1,3,March,13,5,Friday,0,1,Q4
20230401,2023-04-01,2023,2,4,April,13,6,Saturday,1,0,Q1
20230402,2023-04-02,2023,2,4,April,13,7,Sunday,1,0,Q1
20230403,2023-04-03,2023,2,4,April,14,1,Monday,0,0,Q1
20230404,2023-04-04,2023,2,4,April,14,2,Tuesday,0,0,Q1
20230405,2023-04-05,2023,2,4,April,14,3,Wednesday,0,0,Q1
20230406,2023-04-06,2023,2,4,April,14,4,Thursday,0,0,Q1
20230407,2023-04-07,2023,2,4,April,14,5,Friday,0,0,Q1
20230408,2023-04-08,2023,2,4,April,14,6,Saturday,1,0,Q1
20230409,2023-04-09,2023,2,4,April,14,7,Sunday,1,0,Q1
20230410,2023-04-10,2023,2,4,April,15,1,Monday,0,0,Q1
20230411,2023-04-11,2023,2,4,April,15,2,Tuesday,0,0,Q1
20230412,2023-04-12,2023,2,4,April,15,3,Wednesday,0,0,Q1
20230413,2023-04-13,2023,2,4,April,15,4,Thursday,0,0,Q1
20230414,2023-04-14,2023,2,4,April,15,5,Friday,0,0,Q1
20230415,2023-04-15,2023,2,4,April,15,6,Saturday,1,0,Q1
20230416,2023-04-16,2023,2,4,April,15,7,Sunday,1,0,Q1
20230417,2023-04-17,2023,2,4,April,16,1,Monday,0,0,Q1
20230418,2023-04-18,2023,2,4,April,16,2,Tuesday,0,0,Q1
20230419,2023-04-19,2023,2,4,April,16,3,Wednesday,0,0,Q1
20230420,2023-04-20,2023,2,4,April,16,4,Thursday,0,0,Q1
20230421,2023-04-21,2023,2,4,April,16,5,Friday,0,0,Q1
20230422,2023-04-22,2023,2,4,April,16,6,Saturday,1,0,Q1
20230423,2023-04-23,2023,2,4,April,16,7,Sunday,1,0,Q1
20230424,2023-04-24,2023,2,4,April,17,1,Monday,0,0,Q1
20230425,2023-04-25,2023,2,4,April,17,2,Tuesday,0,0,Q1
20230426,2023-04-26,2023,2,4,April,17,3,Wednesday,0,0,Q1
20230427,2023-04-27,2023,2,4,April,17,4,Thursday,0,0,Q1
20230428,2023-04-28,2023,2,4,April,17,5,Friday,0,0,Q1
20230429,2023-04-29,2023,2,4,April,17,6,Saturday,1,0,Q1
20230430,2023-04-30,2023,2,4,April,17,7,Sunday,1,1,Q1
20230501,2023-05-01,2023,2,5,May,18,1,Monday,0,0,Q1
20230502,2023-05-02,2023,2,5,May,18,2,Tuesday,0,0,Q1
20230503,2023-05-03,2023,2,5,May,18,3,Wednesday,0,0,Q1
20230504,2023-05-04,2023,2,5,May,18,4,Thursday,0,0,Q1
20230505,2023-05-05,2023,2,5,May,18,5,Friday,0,0,Q1
20230506,2023-05-06,2023,2,5,May,18,6,Saturday,1,0,Q1
20230507,2023-05-07,2023,2,5,May,18,7,Sunday,1,0,Q1
20230508,2023-05-08,2023,2,5,May,19,1,Monday,0,0,Q1
20230509,2023-05-09,2023,2,5,May,19,2,Tuesday,0,0,Q1
20230510,2023-05-10,2023,2,5,May,19,3,Wednesday,0,0,Q1
20230511,2023-05-11,2023,2,5,May,19,4,Thursday,0,0,Q1
20230512,2023-05-12,2023,2,5,May,19,5,Friday,0,0,Q1
20230513,2023-05-13,2023,2,5,May,19,6,Saturday,1,0,Q1
20230514,2023-05-14,2023,2,5,May,19,7,Sunday,1,0,Q1
20230515,2023-05-15,2023,2,5,May,20,1,Monday,0,0,Q1
20230516,2023-05-16,2023,2,5,May,20,2,Tuesday,0,0,Q1
20230517,2023-05-17,2023,2,5,May,20,3,Wednesday,0,0,Q1
20230518,2023-05-18,2023,2,5,May,20,4,Thursday,0,0,Q1
20230519,2023-05-19,2023,2,5,May,20,5,Friday,0,0,Q1
20230520,2023-05-20,2023,2,5,May,20,6,Saturday,1,0,Q1
20230521,2023-05-21,2023,2,5,May,20,7,Sunday,1,0,Q1
20230522,2023-05-22,2023,2,5,May,21,1,Monday,0,0,Q1
20230523,2023-05-23,2023,2,5,May,21,2,Tuesday,0,0,Q1
20230524,2023-05-24,2023,2,5,May,21,3,Wednesday,0,0,Q1
20230525,2023-05-25,2023,2,5,May,21,4,Thursday,0,0,Q1
20230526,2023-05-26,2023,2,5,May,21,5,Friday,0,0,Q1
20230527,2023-05-27,2023,2,5,May,21,6,Saturday,1,0,Q1
20230528,2023-05-28,2023,2,5,May,21,7,Sunday,1,0,Q1
20230529,2023-05-29,2023,2,5,May,22,1,Monday,0,0,Q1
20230530,2023-05-30,2023,2,5,May,22,2,Tuesday,0,0,Q1
20230531,2023-05-31,2023,2,5,May,22,3,Wednesday,0,1,Q1
20230601,2023-06-01,2023,2,6,June,22,4,Thursday,0,0,Q1
20230602,2023-06-02,2023,2,6,June,22,5,Friday,0,0,Q1
20230603,2023-06-03,2023,2,6,June,22,6,Saturday,1,0,Q1
20230604,2023-06-04,2023,2,6,June,22,7,Sunday,1,0,Q1
20230605,2023-06-05,2023,2,6,June,23,1,Monday,0,0,Q1
20230606,2023-06-06,2023,2,6,June,23,2,Tuesday,0,0,Q1
20230607,2023-06-07,2023,2,6,June,23,3,Wednesday,0,0,Q1
20230608,2023-06-08,2023,2,6,June,23,4,Thursday,0,0,Q1
20230609,2023-06-09,2023,2,6,June,23,5,Friday,0,0,Q1
20230610,2023-06-10,2023,2,6,June,23,6,Saturday,1,0,Q1
20230611,2023-06-11,2023,2,6,June,23,7,Sunday,1,0,Q1
20230612,2023-06-12,2023,2,6,June,24,1,Monday,0,0,Q1
20230613,2023-06-13,2023,2,6,June,24,2,Tuesday,0,0,Q1
20230614,2023-06-14,2023,2,6,June,24,3,Wednesday,0,0,Q1
20230615,2023-06-15,2023,2,6,June,24,4,Thursday,0,0,Q1
20230616,2023-06-16,2023,2,6,June,24,5,Friday,0,0,Q1
20230617,2023-06-17,2023,2,6,June,24,6,Saturday,1,0,Q1
20230618,2023-06-18,2023,2,6,June,24,7,Sunday,1,0,Q1
20230619,2023-06-19,2023,2,6,June,25,1,Monday,0,0,Q1
20230620,2023-06-20,2023,2,6,June,25,2,Tuesday,0,0,Q1
20230621,2023-06-21,2023,2,6,June,25,3,Wednesday,0,0,Q1
20230622,2023-06-22,2023,2,6,June,25,4,Thursday,0,0,Q1
20230623,2023-06-23,2023,2,6,June,25,5,Friday,0,0,Q1
20230624,2023-06-24,2023,2,6,June,25,6,Saturday,1,0,Q1
20230625,2023-06-25,2023,2,6,June,25,7,Sunday,1,0,Q1
20230626,2023-06-26,2023,2,6,June,26,1,Monday,0,0,Q1
20230627,2023-06-27,2023,2,6,June,26,2,Tuesday,0,0,Q1
20230628,2023-06-28,2023,2,6,June,26,3,Wednesday,0,0,Q1
20230629,2023-06-29,2023,2,6,June,26,4,Thursday,0,0,Q1
20230630,2023-06-30,2023,2,6,June,26,5,Friday,0,1,Q1
20230701,2023-07-01,2023,3,7,July,26,6,Saturday,1,0,Q2
20230702,2023-07-02,2023,3,7,July,26,7,Sunday,1,0,Q2
20230703,2023-07-03,2023,3,7,July,27,1,Monday,0,0,Q2
20230704,2023-07-04,2023,3,7,July,27,2,Tuesday,0,0,Q2
20230705,2023-07-05,2023,3,7,July,27,3,Wednesday,0,0,Q2
20230706,2023-07-06,2023,3,7,July,27,4,Thursday,0,0,Q2
20230707,2023-07-07,2023,3,7,July,27,5,Friday,0,0,Q2
20230708,2023-07-08,2023,3,7,July,27,6,Saturday,1,0,Q2
20230709,2023-07-09,2023,3,7,July,27,7,Sunday,1,0,Q2
20230710,2023-07-10,2023,3,7,July,28,1,Monday,0,0,Q2
20230711,2023-07-11,2023,3,7,July,28,2,Tuesday,0,0,Q2
20230712,2023-07-12,2023,3,7,July,28,3,Wednesday,0,0,Q2
20230713,2023-07-13,2023,3,7,July,28,4,Thursday,0,0,Q2
20230714,2023-07-14,2023,3,7,July,28,5,Friday,0,0,Q2
20230715,2023-07-15,2023,3,7,July,28,6,Saturday,1,0,Q2
20230716,2023-07-16,2023,3,7,July,28,7,Sunday,1,0,Q2
20230717,2023-07-17,2023,3,7,July,29,1,Monday,0,0,Q2
20230718,2023-07-18,2023,3,7,July,29,2,Tuesday,0,0,Q2
20230719,2023-07-19,2023,3,7,July,29,3,Wednesday,0,0,Q2
20230720,2023-07-20,2023,3,7,July,29,4,Thursday,0,0,Q2
20230721,2023-07-21,2023,3,7,July,29,5,Friday,0,0,Q2
20230722,2023-07-22,2023,3,7,July,29,6,Saturday,1,0,Q2
20230723,2023-07-23,2023,3,7,July,29,7,Sunday,1,0,Q2
20230724,2023-07-24,2023,3,7,July,30,1,Monday,0,0,Q2
20230725,2023-07-25,2023,3,7,July,30,2,Tuesday,0,0,Q2
20230726,2023-07-26,2023,3,7,July,30,3,Wednesday,0,0,Q2
20230727,2023-07-27,2023,3,7,July,30,4,Thursday,0,0,Q2
20230728,2023-07-28,2023,3,7,July,30,5,Friday,0,0,Q2
20230729,2023-07-29,2023,3,7,July,30,6,Saturday,1,0,Q2
20230730,2023-07-30,2023,3,7,July,30,7,Sunday,1,0,Q2
20230731,2023-07-31,2023,3,7,July,31,1,Monday,0,1,Q2
20230801,2023-08-01,2023,3,8,August,31,2,Tuesday,0,0,Q2
20230802,2023-08-02,2023,3,8,August,31,3,Wednesday,0,0,Q2
20230803,2023-08-03,2023,3,8,August,31,4,Thursday,0,0,Q2
20230804,2023-08-04,2023,3,8,August,31,5,Friday,0,0,Q2
20230805,2023-08-05,2023,3,8,August,31,6,Saturday,1,0,Q2
20230806,2023-08-06,2023,3,8,August,31,7,Sunday,1,0,Q2
20230807,2023-08-07,2023,3,8,August,32,1,Monday,0,0,Q2
20230808,2023-08-08,2023,3,8,August,32,2,Tuesday,0,0,Q2
20230809,2023-08-09,2023,3,8,August,32,3,Wednesday,0,0,Q2
20230810,2023-08-10,2023,3,8,August,32,4,Thursday,0,0,Q2
20230811,2023-08-11,2023,3,8,August,32,5,Friday,0,0,Q2
20230812,2023-08-12,2023,3,8,August,32,6,Saturday,1,0,Q2
20230813,2023-08-13,2023,3,8,August,32,7,Sunday,1,0,Q2
20230814,2023-08-14,2023,3,8,August,33,1,Monday,0,0,Q2
20230815,2023-08-15,2023,3,8,August,33,2,Tuesday,0,0,Q2
20230816,2023-08-16,2023,3,8,August,33,3,Wednesday,0,0,Q2
20230817,2023-08-17,2023,3,8,August,33,4,Thursday,0,0,Q2
20230818,2023-08-18,2023,3,8,August,33,5,Friday,0,0,Q2
20230819,2023-08-19,2023,3,8,August,33,6,Saturday,1,0,Q2
20230820,2023-08-20,2023,3,8,August,33,7,Sunday,1,0,Q2
20230821,2023-08-21,2023,3,8,August,34,1,Monday,0,0,Q2
20230822,2023-08-22,2023,3,8,August,34,2,Tuesday,0,0,Q2
20230823,2023-08-23,2023,3,8,August,34,3,Wednesday,0,0,Q2
20230824,2023-08-24,2023,3,8,August,34,4,Thursday,0,0,Q2
20230825,2023-08-25,2023,3,8,August,34,5,Friday,0,0,Q2
20230826,2023-08-26,2023,3,8,August,34,6,Saturday,1,0,Q2
20230827,2023-08-27,2023,3,8,August,34,7,Sunday,1,0,Q2
20230828,2023-08-28,2023,3,8,August,35,1,Monday,0,0,Q2
20230829,2023-08-29,2023,3,8,August,35,2,Tuesday,0,0,Q2
20230830,2023-08-30,2023,3,8,August,35,3,Wednesday,0,0,Q2
20230831,2023-08-31,2023,3,8,August,35,4,Thursday,0,1,Q2
20230901,2023-09-01,2023,3,9,September,35,5,Friday,0,0,Q2
20230902,2023-09-02,2023,3,9,September,35,6,Saturday,1,0,Q2
20230903,2023-09-03,2023,3,9,September,35,7,Sunday,1,0,Q2
20230904,2023-09-04,2023,3,9,September,36,1,Monday,0,0,Q2
20230905,2023-09-05,2023,3,9,September,36,2,Tuesday,0,0,Q2
20230906,2023-09-06,2023,3,9,September,36,3,Wednesday,0,0,Q2
20230907,2023-09-07,2023,3,9,September,36,4,Thursday,0,0,Q2
20230908,2023-09-08,2023,3,9,September,36,5,Friday,0,0,Q2
20230909,2023-09-09,2023,3,9,September,36,6,Saturday,1,0,Q2
20230910,2023-09-10,2023,3,9,September,36,7,Sunday,1,0,Q2
20230911,2023-09-11,2023,3,9,September,37,1,Monday,0,0,Q2
20230912,2023-09-12,2023,3,9,September,37,2,Tuesday,0,0,Q2
20230913,2023-09-13,2023,3,9,September,37,3,Wednesday,0,0,Q2
20230914,2023-09-14,2023,3,9,September,37,4,Thursday,0,0,Q2
20230915,2023-09-15,2023,3,9,September,37,5,Friday,0,0,Q2
20230916,2023-09-16,2023,3,9,September,37,6,Saturday,1,0,Q2
20230917,2023-09-17,2023,3,9,September,37,7,Sunday,1,0,Q2
20230918,2023-09-18,2023,3,9,September,38,1,Monday,0,0,Q2
20230919,2023-09-19,2023,3,9,September,38,2,Tuesday,0,0,Q2
20230920,2023-09-20,2023,3,9,September,38,3,Wednesday,0,0,Q2
20230921,2023-09-21,2023,3,9,September,38,4,Thursday,0,0,Q2
20230922,2023-09-22,2023,3,9,September,38,5,Friday,0,0,Q2
20230923,2023-09-23,2023,3,9,September,38,6,Saturday,1,0,Q2
20230924,2023-09-24,2023,3,9,September,38,7,Sunday,1,0,Q2
20230925,2023-09-25,2023,3,9,September,39,1,Monday,0,0,Q2
20230926,2023-09-26,2023,3,9,September,39,2,Tuesday,0,0,Q2
20230927,2023-09-27,2023,3,9,September,39,3,Wednesday,0,0,Q2
20230928,2023-09-28,2023,3,9,September,39,4,Thursday,0,0,Q2
20230929,2023-09-29,2023,3,9,September,39,5,Friday,0,0,Q2
20230930,2023-09-30,2023,3,9,September,39,6,Saturday,1,1,Q2
20231001,2023-10-01,2023,4,10,October,39,7,Sunday,1,0,Q3
20231002,2023-10-02,2023,4,10,October,40,1,Monday,0,0,Q3
20231003,2023-10-03,2023,4,10,October,40,2,Tuesday,0,0,Q3
20231004,2023-10-04,2023,4,10,October,40,3,Wednesday,0,0,Q3
20231005,2023-10-05,2023,4,10,October,40,4,Thursday,0,0,Q3
20231006,2023-10-06,2023,4,10,October,40,5,Friday,0,0,Q3
20231007,2023-10-07,2023,4,10,October,40,6,Saturday,1,0,Q3
20231008,2023-10-08,2023,4,10,October,40,7,Sunday,1,0,Q3
20231009,2023-10-09,2023,4,10,October,41,1,Monday,0,0,Q3
20231010,2023-10-10,2023,4,10,October,41,2,Tuesday,0,0,Q3
20231011,2023-10-11,2023,4,10,October,41,3,Wednesday,0,0,Q3
20231012,2023-10-12,2023,4,10,October,41,4,Thursday,0,0,Q3
20231013,2023-10-13,2023,4,10,October,41,5,Friday,0,0,Q3
20231014,2023-10-14,2023,4,10,October,41,6,Saturday,1,0,Q3
20231015,2023-10-15,2023,4,10,October,41,7,Sunday,1,0,Q3
20231016,2023-10-16,2023,4,10,October,42,1,Monday,0,0,Q3
20231017,2023-10-17,2023,4,10,October,42,2,Tuesday,0,0,Q3
20231018,2023-10-18,2023,4,10,October,42,3,Wednesday,0,0,Q3
20231019,2023-10-19,2023,4,10,October,42,4,Thursday,0,0,Q3
20231020,2023-10-20,2023,4,10,October,42,5,Friday,0,0,Q3
20231021,2023-10-21,2023,4,10,October,42,6,Saturday,1,0,Q3
20231022,2023-10-22,2023,4,10,October,42,7,Sunday,1,0,Q3
20231023,2023-10-23,2023,4,10,October,43,1,Monday,0,0,Q3
20231024,2023-10-24,2023,4,10,October,43,2,Tuesday,0,0,Q3
20231025,2023-10-25,2023,4,10,October,43,3,Wednesday,0,0,Q3
20231026,2023-10-26,2023,4,10,October,43,4,Thursday,0,0,Q3
20231027,2023-10-27,2023,4,10,October,43,5,Friday,0,0,Q3
20231028,2023-10-28,2023,4,10,October,43,6,Saturday,1,0,Q3
20231029,2023-10-29,2023,4,10,October,43,7,Sunday,1,0,Q3
20231030,2023-10-30,2023,4,10,October,44,1,Monday,0,0,Q3
20231031,2023-10-31,2023,4,10,October,44,2,Tuesday,0,1,Q3
20231101,2023-11-01,2023,4,11,November,44,3,Wednesday,0,0,Q3
20231102,2023-11-02,2023,4,11,November,44,4,Thursday,0,0,Q3
20231103,2023-11-03,2023,4,11,November,44,5,Friday,0,0,Q3
20231104,2023-11-04,2023,4,11,November,44,6,Saturday,1,0,Q3
20231105,2023-11-05,2023,4,11,November,44,7,Sunday,1,0,Q3
20231106,2023-11-06,2023,4,11,November,45,1,Monday,0,0,Q3
20231107,2023-11-07,2023,4,11,November,45,2,Tuesday,0,0,Q3
20231108,2023-11-08,2023,4,11,November,45,3,Wednesday,0,0,Q3
20231109,2023-11-09,2023,4,11,November,45,4,Thursday,0,0,Q3
20231110,2023-11-10,2023,4,11,November,45,5,Friday,0,0,Q3
20231111,2023-11-11,2023,4,11,November,45,6,Saturday,1,0,Q3
20231112,2023-11-12,2023,4,11,November,45,7,Sunday,1,0,Q3
20231113,2023-11-13,2023,4,11,November,46,1,Monday,0,0,Q3
20231114,2023-11-14,2023,4,11,November,46,2,Tuesday,0,0,Q3
20231115,2023-11-15,2023,4,11,November,46,3,Wednesday,0,0,Q3
20231116,2023-11-16,2023,4,11,November,46,4,Thursday,0,0,Q3
20231117,2023-11-17,2023,4,11,November,46,5,Friday,0,0,Q3
20231118,2023-11-18,2023,4,11,November,46,6,Saturday,1,0,Q3
20231119,2023-11-19,2023,4,11,November,46,7,Sunday,1,0,Q3
20231120,2023-11-20,2023,4,11,November,47,1,Monday,0,0,Q3
20231121,2023-11-21,2023,4,11,November,47,2,Tuesday,0,0,Q3
20231122,2023-11-22,2023,4,11,November,47,3,Wednesday,0,0,Q3
20231123,2023-11-23,2023,4,11,November,47,4,Thursday,0,0,Q3
20231124,2023-11-24,2023,4,11,November,47,5,Friday,0,0,Q3
20231125,2023-11-25,2023,4,11,November,47,6,Saturday,1,0,Q3
20231126,2023-11-26,2023,4,11,November,47,7,Sunday,1,0,Q3
20231127,2023-11-27,2023,4,11,November,48,1,Monday,0,0,Q3
20231128,2023-11-28,2023,4,11,November,48,2,Tuesday,0,0,Q3
20231129,2023-11-29,2023,4,11,November,48,3,Wednesday,0,0,Q3
20231130,2023-11-30,2023,4,11,November,48,4,Thursday,0,1,Q3
20231201,2023-12-01,2023,4,12,December,48,5,Friday,0,0,Q3
20231202,2023-12-02,2023,4,12,December,48,6,Saturday,1,0,Q3
20231203,2023-12-03,2023,4,12,December,48,7,Sunday,1,0,Q3
20231204,2023-12-04,2023,4,12,December,49,1,Monday,0,0,Q3
20231205,2023-12-05,2023,4,12,December,49,2,Tuesday,0,0,Q3
20231206,2023-12-06,2023,4,12,December,49,3,Wednesday,0,0,Q3
20231207,2023-12-07,2023,4,12,December,49,4,Thursday,0,0,Q3
20231208,2023-12-08,2023,4,12,December,49,5,Friday,0,0,Q3
20231209,2023-12-09,2023,4,12,December,49,6,Saturday,1,0,Q3
20231210,2023-12-10,2023,4,12,December,49,7,Sunday,1,0,Q3
20231211,2023-12-11,2023,4,12,December,50,1,Monday,0,0,Q3
20231212,2023-12-12,2023,4,12,December,50,2,Tuesday,0,0,Q3
20231213,2023-12-13,2023,4,12,December,50,3,Wednesday,0,0,Q3
20231214,2023-12-14,2023,4,12,December,50,4,Thursday,0,0,Q3
20231215,2023-12-15,2023,4,12,December,50,5,Friday,0,0,Q3
20231216,2023-12-16,2023,4,12,December,50,6,Saturday,1,0,Q3
20231217,2023-12-17,2023,4,12,December,50,7,Sunday,1,0,Q3
20231218,2023-12-18,2023,4,12,December,51,1,Monday,0,0,Q3
20231219,2023-12-19,2023,4,12,December,51,2,Tuesday,0,0,Q3
20231220,2023-12-20,2023,4,12,December,51,3,Wednesday,0,0,Q3
20231221,2023-12-21,2023,4,12,December,51,4,Thursday,0,0,Q3
20231222,2023-12-22,2023,4,12,December,51,5,Friday,0,0,Q3
20231223,2023-12-23,2023,4,12,December,51,6,Saturday,1,0,Q3
20231224,2023-12-24,2023,4,12,December,51,7,Sunday,1,0,Q3
20231225,2023-12-25,2023,4,12,December,52,1,Monday,0,0,Q3
20231226,2023-12-26,2023,4,12,December,52,2,Tuesday,0,0,Q3
20231227,2023-12-27,2023,4,12,December,52,3,Wednesday,0,0,Q3
20231228,2023-12-28,2023,4,12,December,52,4,Thursday,0,0,Q3
20231229,2023-12-29,2023,4,12,December,52,5,Friday,0,0,Q3
20231230,2023-12-30,2023,4,12,December,52,6,Saturday,1,0,Q3
20231231,2023-12-31,2023,4,12,December,52,7,Sunday,1,1,Q3
20240101,2024-01-01,2024,1,1,January,1,1,Monday,0,0,Q4
20240102,2024-01-02,2024,1,1,January,1,2,Tuesday,0,0,Q4
20240103,2024-01-03,2024,1,1,January,1,3,Wednesday,0,0,Q4
20240104,2024-01-04,2024,1,1,January,1,4,Thursday,0,0,Q4
20240105,2024-01-05,2024,1,1,January,1,5,Friday,0,0,Q4
20240106,2024-01-06,2024,1,1,January,1,6,Saturday,1,0,Q4
20240107,2024-01-07,2024,1,1,January,1,7,Sunday,1,0,Q4
20240108,2024-01-08,2024,1,1,January,2,1,Monday,0,0,Q4
20240109,2024-01-09,2024,1,1,January,2,2,Tuesday,0,0,Q4
20240110,2024-01-10,2024,1,1,January,2,3,Wednesday,0,0,Q4
20240111,2024-01-11,2024,1,1,January,2,4,Thursday,0,0,Q4
20240112,2024-01-12,2024,1,1,January,2,5,Friday,0,0,Q4
20240113,2024-01-13,2024,1,1,January,2,6,Saturday,1,0,Q4
20240114,2024-01-14,2024,1,1,January,2,7,Sunday,1,0,Q4
20240115,2024-01-15,2024,1,1,January,3,1,Monday,0,0,Q4
20240116,2024-01-16,2024,1,1,January,3,2,Tuesday,0,0,Q4
20240117,2024-01-17,2024,1,1,January,3,3,Wednesday,0,0,Q4
20240118,2024-01-18,2024,1,1,January,3,4,Thursday,0,0,Q4
20240119,2024-01-19,2024,1,1,January,3,5,Friday,0,0,Q4
20240120,2024-01-20,2024,1,1,January,3,6,Saturday,1,0,Q4
20240121,2024-01-21,2024,1,1,January,3,7,Sunday,1,0,Q4
20240122,2024-01-22,2024,1,1,January,4,1,Monday,0,0,Q4
20240123,2024-01-23,2024,1,1,January,4,2,Tuesday,0,0,Q4
20240124,2024-01-24,2024,1,1,January,4,3,Wednesday,0,0,Q4
20240125,2024-01-25,2024,1,1,January,4,4,Thursday,0,0,Q4
20240126,2024-01-26,2024,1,1,January,4,5,Friday,0,0,Q4
20240127,2024-01-27,2024,1,1,January,4,6,Saturday,1,0,Q4
20240128,2024-01-28,2024,1,1,January,4,7,Sunday,1,0,Q4
20240129,2024-01-29,2024,1,1,January,5,1,Monday,0,0,Q4
20240130,2024-01-30,2024,1,1,January,5,2,Tuesday,0,0,Q4
20240131,2024-01-31,2024,1,1,January,5,3,Wednesday,0,1,Q4
20240201,2024-02-01,2024,1,2,February,5,4,Thursday,0,0,Q4
20240202,2024-02-02,2024,1,2,February,5,5,Friday,0,0,Q4
20240203,2024-02-03,2024,1,2,February,5,6,Saturday,1,0,Q4
20240204,2024-02-04,2024,1,2,February,5,7,Sunday,1,0,Q4
20240205,2024-02-05,2024,1,2,February,6,1,Monday,0,0,Q4
20240206,2024-02-06,2024,1,2,February,6,2,Tuesday,0,0,Q4
20240207,2024-02-07,2024,1,2,February,6,3,Wednesday,0,0,Q4
20240208,2024-02-08,2024,1,2,February,6,4,Thursday,0,0,Q4
20240209,2024-02-09,2024,1,2,February,6,5,Friday,0,0,Q4
20240210,2024-02-10,2024,1,2,February,6,6,Saturday,1,0,Q4
20240211,2024-02-11,2024,1,2,February,6,7,Sunday,1,0,Q4
20240212,2024-02-12,2024,1,2,February,7,1,Monday,0,0,Q4
20240213,2024-02-13,2024,1,2,February,7,2,Tuesday,0,0,Q4
20240214,2024-02-14,2024,1,2,February,7,3,Wednesday,0,0,Q4
20240215,2024-02-15,2024,1,2,February,7,4,Thursday,0,0,Q4
20240216,2024-02-16,2024,1,2,February,7,5,Friday,0,0,Q4
20240217,2024-02-17,2024,1,2,February,7,6,Saturday,1,0,Q4
20240218,2024-02-18,2024,1,2,February,7,7,Sunday,1,0,Q4
20240219,2024-02-19,2024,1,2,February,8,1,Monday,0,0,Q4
20240220,2024-02-20,2024,1,2,February,8,2,Tuesday,0,0,Q4
20240221,2024-02-21,2024,1,2,February,8,3,Wednesday,0,0,Q4
20240222,2024-02-22,2024,1,2,February,8,4,Thursday,0,0,Q4
20240223,2024-02-23,2024,1,2,February,8,5,Friday,0,0,Q4
20240224,2024-02-24,2024,1,2,February,8,6,Saturday,1,0,Q4
20240225,2024-02-25,2024,1,2,February,8,7,Sunday,1,0,Q4
20240226,2024-02-26,2024,1,2,February,9,1,Monday,0,0,Q4
20240227,2024-02-27,2024,1,2,February,9,2,Tuesday,0,0,Q4
20240228,2024-02-28,2024,1,2,February,9,3,Wednesday,0,0,Q4
20240229,2024-02-29,2024,1,2,February,9,4,Thursday,0,1,Q4
20240301,2024-03-01,2024,1,3,March,9,5,Friday,0,0,Q4
20240302,2024-03-02,2024,1,3,March,9,6,Saturday,1,0,Q4
20240303,2024-03-03,2024,1,3,March,9,7,Sunday,1,0,Q4
20240304,2024-03-04,2024,1,3,March,10,1,Monday,0,0,Q4
20240305,2024-03-05,2024,1,3,March,10,2,Tuesday,0,0,Q4
20240306,2024-03-06,2024,1,3,March,10,3,Wednesday,0,0,Q4
20240307,2024-03-07,2024,1,3,March,10,4,Thursday,0,0,Q4
20240308,2024-03-08,2024,1,3,March,10,5,Friday,0,0,Q4
20240309,2024-03-09,2024,1,3,March,10,6,Saturday,1,0,Q4
20240310,2024-03-10,2024,1,3,March,10,7,Sunday,1,0,Q4
20240311,2024-03-11,2024,1,3,March,11,1,Monday,0,0,Q4
20240312,2024-03-12,2024,1,3,March,11,2,Tuesday,0,0,Q4
20240313,2024-03-13,2024,1,3,March,11,3,Wednesday,0,0,Q4
20240314,2024-03-14,2024,1,3,March,11,4,Thursday,0,0,Q4
20240315,2024-03-15,2024,1,3,March,11,5,Friday,0,0,Q4
20240316,2024-03-16,2024,1,3,March,11,6,Saturday,1,0,Q4
20240317,2024-03-17,2024,1,3,March,11,7,Sunday,1,0,Q4
20240318,2024-03-18,2024,1,3,March,12,1,Monday,0,0,Q4
20240319,2024-03-19,2024,1,3,March,12,2,Tuesday,0,0,Q4
20240320,2024-03-20,2024,1,3,March,12,3,Wednesday,0,0,Q4
20240321,2024-03-21,2024,1,3,March,12,4,Thursday,0,0,Q4
20240322,2024-03-22,2024,1,3,March,12,5,Friday,0,0,Q4
20240323,2024-03-23,2024,1,3,March,12,6,Saturday,1,0,Q4
20240324,2024-03-24,2024,1,3,March,12,7,Sunday,1,0,Q4
20240325,2024-03-25,2024,1,3,March,13,1,Monday,0,0,Q4
20240326,2024-03-26,2024,1,3,March,13,2,Tuesday,0,0,Q4
20240327,2024-03-27,2024,1,3,March,13,3,Wednesday,0,0,Q4
20240328,2024-03-28,2024,1,3,March,13,4,Thursday,0,0,Q4
20240329,2024-03-29,2024,1,3,March,13,5,Friday,0,0,Q4
20240330,2024-03-30,2024,1,3,March,13,6,Saturday,1,0,Q4
20240331,2024-03-31,2024,1,3,March,13,7,Sunday,1,1,Q4
20240401,2024-04-01,2024,2,4,April,14,1,Monday,0,0,Q1
20240402,2024-04-02,2024,2,4,April,14,2,Tuesday,0,0,Q1
20240403,2024-04-03,2024,2,4,April,14,3,Wednesday,0,0,Q1
20240404,2024-04-04,2024,2,4,April,14,4,Thursday,0,0,Q1
20240405,2024-04-05,2024,2,4,April,14,5,Friday,0,0,Q1
20240406,2024-04-06,2024,2,4,April,14,6,Saturday,1,0,Q1
20240407,2024-04-07,2024,2,4,April,14,7,Sunday,1,0,Q1
20240408,2024-04-08,2024,2,4,April,15,1,Monday,0,0,Q1
20240409,2024-04-09,2024,2,4,April,15,2,Tuesday,0,0,Q1
20240410,2024-04-10,2024,2,4,April,15,3,Wednesday,0,0,Q1
20240411,2024-04-11,2024,2,4,April,15,4,Thursday,0,0,Q1
20240412,2024-04-12,2024,2,4,April,15,5,Friday,0,0,Q1
20240413,2024-04-13,2024,2,4,April,15,6,Saturday,1,0,Q1
20240414,2024-04-14,2024,2,4,April,15,7,Sunday,1,0,Q1
20240415,2024-04-15,2024,2,4,April,16,1,Monday,0,0,Q1
20240416,2024-04-16,2024,2,4,April,16,2,Tuesday,0,0,Q1
20240417,2024-04-17,2024,2,4,April,16,3,Wednesday,0,0,Q1
20240418,2024-04-18,2024,2,4,April,16,4,Thursday,0,0,Q1
20240419,2024-04-19,2024,2,4,April,16,5,Friday,0,0,Q1
20240420,2024-04-20,2024,2,4,April,16,6,Saturday,1,0,Q1
20240421,2024-04-21,2024,2,4,April,16,7,Sunday,1,0,Q1
20240422,2024-04-22,2024,2,4,April,17,1,Monday,0,0,Q1
20240423,2024-04-23,2024,2,4,April,17,2,Tuesday,0,0,Q1
20240424,2024-04-24,2024,2,4,April,17,3,Wednesday,0,0,Q1
20240425,2024-04-25,2024,2,4,April,17,4,Thursday,0,0,Q1
20240426,2024-04-26,2024,2,4,April,17,5,Friday,0,0,Q1
20240427,2024-04-27,2024,2,4,April,17,6,Saturday,1,0,Q1
20240428,2024-04-28,2024,2,4,April,17,7,Sunday,1,0,Q1
20240429,2024-04-29,2024,2,4,April,18,1,Monday,0,0,Q1
20240430,2024-04-30,2024,2,4,April,18,2,Tuesday,0,1,Q1
20240501,2024-05-01,2024,2,5,May,18,3,Wednesday,0,0,Q1
20240502,2024-05-02,2024,2,5,May,18,4,Thursday,0,0,Q1
20240503,2024-05-03,2024,2,5,May,18,5,Friday,0,0,Q1
20240504,2024-05-04,2024,2,5,May,18,6,Saturday,1,0,Q1
20240505,2024-05-05,2024,2,5,May,18,7,Sunday,1,0,Q1
20240506,2024-05-06,2024,2,5,May,19,1,Monday,0,0,Q1
20240507,2024-05-07,2024,2,5,May,19,2,Tuesday,0,0,Q1
20240508,2024-05-08,2024,2,5,May,19,3,Wednesday,0,0,Q1
20240509,2024-05-09,2024,2,5,May,19,4,Thursday,0,0,Q1
20240510,2024-05-10,2024,2,5,May,19,5,Friday,0,0,Q1
20240511,2024-05-11,2024,2,5,May,19,6,Saturday,1,0,Q1
20240512,2024-05-12,2024,2,5,May,19,7,Sunday,1,0,Q1
20240513,2024-05-13,2024,2,5,May,20,1,Monday,0,0,Q1
20240514,2024-05-14,2024,2,5,May,20,2,Tuesday,0,0,Q1
20240515,2024-05-15,2024,2,5,May,20,3,Wednesday,0,0,Q1
20240516,2024-05-16,2024,2,5,May,20,4,Thursday,0,0,Q1
20240517,2024-05-17,2024,2,5,May,20,5,Friday,0,0,Q1
20240518,2024-05-18,2024,2,5,May,20,6,Saturday,1,0,Q1
20240519,2024-05-19,2024,2,5,May,20,7,Sunday,1,0,Q1
20240520,2024-05-20,2024,2,5,May,21,1,Monday,0,0,Q1
20240521,2024-05-21,2024,2,5,May,21,2,Tuesday,0,0,Q1
20240522,2024-05-22,2024,2,5,May,21,3,Wednesday,0,0,Q1
20240523,2024-05-23,2024,2,5,May,21,4,Thursday,0,0,Q1
20240524,2024-05-24,2024,2,5,May,21,5,Friday,0,0,Q1
20240525,2024-05-25,2024,2,5,May,21,6,Saturday,1,0,Q1
20240526,2024-05-26,2024,2,5,May,21,7,Sunday,1,0,Q1
20240527,2024-05-27,2024,2,5,May,22,1,Monday,0,0,Q1
20240528,2024-05-28,2024,2,5,May,22,2,Tuesday,0,0,Q1
20240529,2024-05-29,2024,2,5,May,22,3,Wednesday,0,0,Q1
20240530,2024-05-30,2024,2,5,May,22,4,Thursday,0,0,Q1
20240531,2024-05-31,2024,2,5,May,22,5,Friday,0,1,Q1
20240601,2024-06-01,2024,2,6,June,22,6,Saturday,1,0,Q1
20240602,2024-06-02,2024,2,6,June,22,7,Sunday,1,0,Q1
20240603,2024-06-03,2024,2,6,June,23,1,Monday,0,0,Q1
20240604,2024-06-04,2024,2,6,June,23,2,Tuesday,0,0,Q1
20240605,2024-06-05,2024,2,6,June,23,3,Wednesday,0,0,Q1
20240606,2024-06-06,2024,2,6,June,23,4,Thursday,0,0,Q1
20240607,2024-06-07,2024,2,6,June,23,5,Friday,0,0,Q1
20240608,2024-06-08,2024,2,6,June,23,6,Saturday,1,0,Q1
20240609,2024-06-09,2024,2,6,June,23,7,Sunday,1,0,Q1
20240610,2024-06-10,2024,2,6,June,24,1,Monday,0,0,Q1
20240611,2024-06-11,2024,2,6,June,24,2,Tuesday,0,0,Q1
20240612,2024-06-12,2024,2,6,June,24,3,Wednesday,0,0,Q1
20240613,2024-06-13,2024,2,6,June,24,4,Thursday,0,0,Q1
20240614,2024-06-14,2024,2,6,June,24,5,Friday,0,0,Q1
20240615,2024-06-15,2024,2,6,June,24,6,Saturday,1,0,Q1
20240616,2024-06-16,2024,2,6,June,24,7,Sunday,1,0,Q1
20240617,2024-06-17,2024,2,6,June,25,1,Monday,0,0,Q1
20240618,2024-06-18,2024,2,6,June,25,2,Tuesday,0,0,Q1
20240619,2024-06-19,2024,2,6,June,25,3,Wednesday,0,0,Q1
20240620,2024-06-20,2024,2,6,June,25,4,Thursday,0,0,Q1
20240621,2024-06-21,2024,2,6,June,25,5,Friday,0,0,Q1
20240622,2024-06-22,2024,2,6,June,25,6,Saturday,1,0,Q1
20240623,2024-06-23,2024,2,6,June,25,7,Sunday,1,0,Q1
20240624,2024-06-24,2024,2,6,June,26,1,Monday,0,0,Q1
20240625,2024-06-25,2024,2,6,June,26,2,Tuesday,0,0,Q1
20240626,2024-06-26,2024,2,6,June,26,3,Wednesday,0,0,Q1
20240627,2024-06-27,2024,2,6,June,26,4,Thursday,0,0,Q1
20240628,2024-06-28,2024,2,6,June,26,5,Friday,0,0,Q1
20240629,2024-06-29,2024,2,6,June,26,6,Saturday,1,0,Q1
20240630,2024-06-30,2024,2,6,June,26,7,Sunday,1,1,Q1
